case,scenario,seed,width_m,height_m,verdict,status,moves,coverage_percent,runtime_s
empty_search-seed0-1x1,empty_search,0,1.0,1.0,pass,returned,20,100.0,0.03
person_found-seed0-1x1,person_found,0,1.0,1.0,pass,returned,18,100.0,0.023
hazard_reroute-seed0-1x1,hazard_reroute,0,1.0,1.0,pass,returned,16,100.0,0.02
blocked_exit-seed0-1x1,blocked_exit,0,1.0,1.0,pass,blocked,11,100.0,0.018
sensor_loss-seed0-1x1,sensor_loss,0,1.0,1.0,pass,returned,20,100.0,0.025
needs_assistance-seed0-1x1,needs_assistance,0,1.0,1.0,pass,returned,0,100.0,0.018
escort_following-seed0-1x1,escort_following,0,1.0,1.0,pass,returned,0,91.7,0.013
people_and_fire-seed0-1x1,people_and_fire,0,1.0,1.0,pass,returned,10,100.0,0.017
empty_search-seed0-1x50,empty_search,0,1.0,50.0,pass,returned,112,100.0,0.061
person_found-seed0-1x50,person_found,0,1.0,50.0,pass,returned,108,100.0,0.063
hazard_reroute-seed0-1x50,hazard_reroute,0,1.0,50.0,pass,returned,110,100.0,0.061
blocked_exit-seed0-1x50,blocked_exit,0,1.0,50.0,not_applicable,returned,112,100.0,0.068
sensor_loss-seed0-1x50,sensor_loss,0,1.0,50.0,pass,returned,28,41.0,0.038
needs_assistance-seed0-1x50,needs_assistance,0,1.0,50.0,pass,returned,98,100.0,0.053
escort_following-seed0-1x50,escort_following,0,1.0,50.0,pass,returned,76,80.3,0.052
people_and_fire-seed0-1x50,people_and_fire,0,1.0,50.0,pass,returned,106,100.0,0.061
empty_search-seed0-50x1,empty_search,0,50.0,1.0,pass,returned,128,100.0,0.071
person_found-seed0-50x1,person_found,0,50.0,1.0,pass,returned,124,100.0,0.07
hazard_reroute-seed0-50x1,hazard_reroute,0,50.0,1.0,pass,returned,122,100.0,0.069
blocked_exit-seed0-50x1,blocked_exit,0,50.0,1.0,pass,blocked,125,100.0,0.064
sensor_loss-seed0-50x1,sensor_loss,0,50.0,1.0,pass,returned,28,38.5,0.039
needs_assistance-seed0-50x1,needs_assistance,0,50.0,1.0,pass,returned,106,100.0,0.064
escort_following-seed0-50x1,escort_following,0,50.0,1.0,pass,returned,102,95.4,0.067
people_and_fire-seed0-50x1,people_and_fire,0,50.0,1.0,pass,returned,118,100.0,0.079
empty_search-seed0-50x50,empty_search,0,50.0,50.0,pass,returned,2384,100.0,33.158
person_found-seed0-50x50,person_found,0,50.0,50.0,pass,returned,2350,100.0,36.038
hazard_reroute-seed0-50x50,hazard_reroute,0,50.0,50.0,pass,returned,2290,100.0,33.326
blocked_exit-seed0-50x50,blocked_exit,0,50.0,50.0,pass,blocked,2321,100.0,32.904
sensor_loss-seed0-50x50,sensor_loss,0,50.0,50.0,pass,returned,90,12.0,1.168
needs_assistance-seed0-50x50,needs_assistance,0,50.0,50.0,pass,returned,432,42.9,6.176
escort_following-seed0-50x50,escort_following,0,50.0,50.0,pass,returned,438,43.9,5.74
people_and_fire-seed0-50x50,people_and_fire,0,50.0,50.0,pass,returned,2256,100.0,35.118
